law,embedded_text,gpt
PL104_208,0.15599435971342368,0.13639859750372638
PL107_204,0.1608139153265507,0.14538770053475936
PL108_159,0.15717814326164226,0.14292715799791705
PL109_351,0.21956009426551454,0.18490411239872834
PL110_289,0.18885706228943736,0.16815317646342576
PL110_343,0.16913768668919654,0.1589604943721033
PL116_283,0.23271699291619413,0.21020024226675058
